Source,Target,Weight
4,1,1
9,1,1
12,1,1
13,1,1
16,1,1
17,1,1
18,1,1
19,1,1
23,1,1
24,1,1
29,1,1
31,1,1
32,1,1
36,1,1
39,1,1
42,1,1
43,1,1
44,1,1
46,1,1
48,1,1
50,1,1
59,1,1
60,1,1
61,1,1
65,1,1
67,1,1
74,1,1
77,1,1
78,1,1
82,1,1
84,1,1
88,1,1
90,1,1
97,1,1
100,1,1
104,1,1
108,1,1
112,1,1
113,1,1
141,1,1
142,1,1
1,2,1
10,2,1
11,2,1
13,2,1
14,2,1
20,2,1
21,2,1
24,2,1
25,2,1
26,2,1
32,2,1
33,2,1
40,2,1
42,2,1
48,2,1
49,2,1
53,2,1
56,2,1
58,2,1
60,2,1
65,2,1
70,2,1
72,2,1
73,2,1
75,2,1
79,2,1
82,2,1
83,2,1
97,2,1
101,2,1
106,2,1
113,2,1
6,3,1
10,3,1
11,3,1
13,3,1
15,3,1
16,3,1
17,3,1
18,3,1
19,3,1
21,3,1
24,3,1
28,3,1
29,3,1
30,3,1
33,3,1
39,3,1
46,3,1
47,3,1
48,3,1
60,3,1
62,3,1
64,3,1
65,3,1
66,3,1
67,3,1
81,3,1
84,3,1
85,3,1
88,3,1
89,3,1
93,3,1
96,3,1
98,3,1
101,3,1
103,3,1
105,3,1
111,3,1
112,3,1
115,3,1
117,3,1
2,4,1
3,4,1
8,4,1
9,4,1
12,4,1
13,4,1
18,4,1
25,4,1
27,4,1
28,4,1
29,4,1
32,4,1
33,4,1
40,4,1
42,4,1
45,4,1
51,4,1
53,4,1
55,4,1
60,4,1
66,4,1
73,4,1
75,4,1
78,4,1
79,4,1
88,4,1
89,4,1
91,4,1
92,4,1
95,4,1
99,4,1
104,4,1
105,4,1
106,4,1
108,4,1
109,4,1
110,4,1
112,4,1
116,4,1
117,4,1
119,4,1
137,4,1
1,5,1
2,5,1
7,5,1
9,5,1
10,5,1
11,5,1
12,5,1
13,5,1
16,5,1
18,5,1
19,5,1
24,5,1
28,5,1
30,5,1
35,5,1
37,5,1
42,5,1
43,5,1
45,5,1
46,5,1
47,5,1
54,5,1
58,5,1
63,5,1
68,5,1
79,5,1
87,5,1
90,5,1
92,5,1
93,5,1
95,5,1
96,5,1
97,5,1
98,5,1
100,5,1
101,5,1
106,5,1
108,5,1
109,5,1
110,5,1
111,5,1
1,6,1
9,6,1
10,6,1
11,6,1
12,6,1
13,6,1
15,6,1
16,6,1
19,6,1
21,6,1
25,6,1
39,6,1
40,6,1
42,6,1
43,6,1
45,6,1
46,6,1
52,6,1
53,6,1
56,6,1
58,6,1
67,6,1
69,6,1
70,6,1
76,6,1
80,6,1
81,6,1
82,6,1
83,6,1
84,6,1
88,6,1
97,6,1
99,6,1
111,6,1
112,6,1
113,6,1
114,6,1
115,6,1
2,7,1
3,7,1
6,7,1
9,7,1
10,7,1
11,7,1
12,7,1
13,7,1
14,7,1
17,7,1
18,7,1
19,7,1
23,7,1
24,7,1
26,7,1
27,7,1
31,7,1
39,7,1
41,7,1
44,7,1
45,7,1
47,7,1
48,7,1
50,7,1
55,7,1
59,7,1
62,7,1
68,7,1
75,7,1
76,7,1
77,7,1
79,7,1
83,7,1
86,7,1
87,7,1
94,7,1
95,7,1
96,7,1
97,7,1
104,7,1
105,7,1
106,7,1
114,7,1
3,8,1
5,8,1
9,8,1
10,8,1
11,8,1
12,8,1
13,8,1
14,8,1
15,8,1
16,8,1
17,8,1
18,8,1
21,8,1
26,8,1
28,8,1
29,8,1
30,8,1
31,8,1
33,8,1
35,8,1
37,8,1
38,8,1
39,8,1
46,8,1
52,8,1
56,8,1
58,8,1
61,8,1
64,8,1
65,8,1
72,8,1
75,8,1
81,8,1
89,8,1
93,8,1
96,8,1
110,8,1
111,8,1
114,8,1
118,8,1
1,9,1
2,9,1
3,9,1
4,9,1
5,9,1
6,9,1
7,9,1
8,9,1
18,9,1
19,9,1
22,9,1
26,9,1
29,9,1
31,9,1
33,9,1
35,9,1
40,9,1
41,9,1
43,9,1
44,9,1
47,9,1
48,9,1
52,9,1
54,9,1
58,9,1
61,9,1
62,9,1
70,9,1
72,9,1
74,9,1
78,9,1
81,9,1
85,9,1
93,9,1
94,9,1
101,9,1
104,9,1
105,9,1
106,9,1
110,9,1
112,9,1
113,9,1
119,9,1
1,10,1
2,10,1
3,10,1
4,10,1
5,10,1
7,10,1
8,10,1
15,10,1
21,10,1
22,10,1
27,10,1
30,10,1
32,10,1
34,10,1
35,10,1
36,10,1
41,10,1
42,10,1
47,10,1
49,10,1
53,10,1
56,10,1
61,10,1
62,10,1
64,10,1
70,10,1
71,10,1
73,10,1
75,10,1
81,10,1
82,10,1
85,10,1
94,10,1
96,10,1
99,10,1
103,10,1
104,10,1
113,10,1
118,10,1
119,10,1
2,11,1
3,11,1
4,11,1
5,11,1
7,11,1
8,11,1
9,11,1
12,11,1
16,11,1
18,11,1
19,11,1
21,11,1
22,11,1
25,11,1
27,11,1
28,11,1
45,11,1
48,11,1
52,11,1
58,11,1
60,11,1
62,11,1
65,11,1
66,11,1
68,11,1
69,11,1
70,11,1
74,11,1
76,11,1
77,11,1
81,11,1
87,11,1
98,11,1
100,11,1
106,11,1
113,11,1
118,11,1
119,11,1
120,11,1
132,11,1
140,11,1
4,12,1
6,12,1
7,12,1
8,12,1
10,12,1
13,12,1
18,12,1
19,12,1
20,12,1
21,12,1
22,12,1
25,12,1
26,12,1
28,12,1
32,12,1
33,12,1
35,12,1
36,12,1
40,12,1
46,12,1
47,12,1
52,12,1
53,12,1
57,12,1
59,12,1
60,12,1
61,12,1
63,12,1
65,12,1
66,12,1
71,12,1
75,12,1
77,12,1
79,12,1
81,12,1
87,12,1
90,12,1
92,12,1
93,12,1
106,12,1
116,12,1
132,12,1
140,12,1
2,13,1
3,13,1
5,13,1
7,13,1
9,13,1
10,13,1
17,13,1
18,13,1
20,13,1
22,13,1
24,13,1
28,13,1
30,13,1
40,13,1
41,13,1
47,13,1
52,13,1
59,13,1
62,13,1
63,13,1
66,13,1
67,13,1
72,13,1
74,13,1
76,13,1
78,13,1
83,13,1
84,13,1
85,13,1
86,13,1
91,13,1
99,13,1
102,13,1
104,13,1
109,13,1
110,13,1
115,13,1
118,13,1
119,13,1
1,14,1
2,14,1
3,14,1
4,14,1
6,14,1
7,14,1
8,14,1
11,14,1
16,14,1
21,14,1
22,14,1
23,14,1
24,14,1
26,14,1
27,14,1
28,14,1
29,14,1
37,14,1
38,14,1
41,14,1
51,14,1
52,14,1
53,14,1
54,14,1
55,14,1
56,14,1
60,14,1
61,14,1
62,14,1
63,14,1
64,14,1
66,14,1
70,14,1
72,14,1
75,14,1
79,14,1
80,14,1
86,14,1
92,14,1
95,14,1
97,14,1
102,14,1
113,14,1
115,14,1
1,15,1
2,15,1
3,15,1
4,15,1
5,15,1
6,15,1
7,15,1
8,15,1
9,15,1
13,15,1
17,15,1
20,15,1
27,15,1
28,15,1
30,15,1
32,15,1
36,15,1
40,15,1
50,15,1
57,15,1
65,15,1
70,15,1
71,15,1
78,15,1
80,15,1
84,15,1
88,15,1
89,15,1
94,15,1
97,15,1
104,15,1
106,15,1
108,15,1
109,15,1
111,15,1
112,15,1
114,15,1
116,15,1
145,15,1
1,16,1
2,16,1
3,16,1
4,16,1
5,16,1
6,16,1
7,16,1
8,16,1
9,16,1
20,16,1
21,16,1
22,16,1
27,16,1
29,16,1
34,16,1
37,16,1
40,16,1
44,16,1
48,16,1
50,16,1
51,16,1
52,16,1
56,16,1
57,16,1
61,16,1
64,16,1
73,16,1
77,16,1
79,16,1
82,16,1
84,16,1
87,16,1
91,16,1
92,16,1
96,16,1
107,16,1
112,16,1
113,16,1
114,16,1
115,16,1
117,16,1
119,16,1
120,16,1
140,16,1
2,17,1
5,17,1
6,17,1
7,17,1
8,17,1
10,17,1
14,17,1
16,17,1
19,17,1
20,17,1
22,17,1
24,17,1
26,17,1
27,17,1
28,17,1
30,17,1
31,17,1
35,17,1
47,17,1
49,17,1
51,17,1
52,17,1
56,17,1
57,17,1
60,17,1
64,17,1
66,17,1
67,17,1
72,17,1
73,17,1
81,17,1
82,17,1
86,17,1
93,17,1
98,17,1
101,17,1
104,17,1
110,17,1
111,17,1
112,17,1
115,17,1
116,17,1
119,17,1
1,18,1
3,18,1
5,18,1
6,18,1
8,18,1
14,18,1
19,18,1
20,18,1
27,18,1
40,18,1
41,18,1
43,18,1
54,18,1
57,18,1
60,18,1
62,18,1
69,18,1
78,18,1
80,18,1
86,18,1
94,18,1
95,18,1
98,18,1
100,18,1
103,18,1
108,18,1
109,18,1
111,18,1
115,18,1
116,18,1
119,18,1
3,19,1
7,19,1
10,19,1
17,19,1
18,19,1
28,19,1
29,19,1
32,19,1
38,19,1
42,19,1
43,19,1
47,19,1
50,19,1
53,19,1
56,19,1
60,19,1
62,19,1
63,19,1
64,19,1
65,19,1
68,19,1
70,19,1
71,19,1
72,19,1
73,19,1
74,19,1
78,19,1
86,19,1
91,19,1
95,19,1
97,19,1
98,19,1
102,19,1
109,19,1
110,19,1
113,19,1
115,19,1
117,19,1
134,19,1
3,20,1
5,20,1
6,20,1
7,20,1
9,20,1
11,20,1
13,20,1
15,20,1
25,20,1
34,20,1
36,20,1
38,20,1
42,20,1
52,20,1
54,20,1
55,20,1
58,20,1
61,20,1
63,20,1
68,20,1
76,20,1
81,20,1
84,20,1
88,20,1
93,20,1
95,20,1
100,20,1
104,20,1
105,20,1
107,20,1
108,20,1
117,20,1
2,21,1
4,21,1
5,21,1
6,21,1
9,21,1
13,21,1
15,21,1
16,21,1
17,21,1
19,21,1
22,21,1
26,21,1
28,21,1
36,21,1
38,21,1
45,21,1
47,21,1
48,21,1
50,21,1
51,21,1
53,21,1
57,21,1
65,21,1
68,21,1
69,21,1
71,21,1
72,21,1
78,21,1
79,21,1
82,21,1
83,21,1
84,21,1
85,21,1
90,21,1
91,21,1
92,21,1
97,21,1
101,21,1
104,21,1
109,21,1
111,21,1
112,21,1
113,21,1
115,21,1
117,21,1
120,21,1
2,22,1
5,22,1
6,22,1
9,22,1
10,22,1
11,22,1
13,22,1
17,22,1
20,22,1
23,22,1
28,22,1
31,22,1
32,22,1
35,22,1
37,22,1
38,22,1
44,22,1
46,22,1
53,22,1
54,22,1
59,22,1
60,22,1
66,22,1
68,22,1
76,22,1
83,22,1
85,22,1
89,22,1
91,22,1
94,22,1
100,22,1
102,22,1
106,22,1
109,22,1
110,22,1
111,22,1
112,22,1
116,22,1
118,22,1
119,22,1
1,23,1
4,23,1
5,23,1
9,23,1
10,23,1
11,23,1
14,23,1
15,23,1
16,23,1
19,23,1
20,23,1
27,23,1
28,23,1
31,23,1
32,23,1
41,23,1
42,23,1
44,23,1
45,23,1
47,23,1
48,23,1
49,23,1
51,23,1
52,23,1
53,23,1
56,23,1
57,23,1
60,23,1
61,23,1
62,23,1
63,23,1
65,23,1
71,23,1
78,23,1
79,23,1
81,23,1
85,23,1
89,23,1
97,23,1
98,23,1
99,23,1
102,23,1
105,23,1
106,23,1
112,23,1
114,23,1
116,23,1
118,23,1
2,24,1
8,24,1
9,24,1
11,24,1
12,24,1
16,24,1
17,24,1
21,24,1
26,24,1
32,24,1
38,24,1
46,24,1
51,24,1
56,24,1
57,24,1
58,24,1
64,24,1
69,24,1
72,24,1
75,24,1
79,24,1
81,24,1
82,24,1
85,24,1
89,24,1
90,24,1
98,24,1
103,24,1
106,24,1
112,24,1
116,24,1
117,24,1
118,24,1
123,24,1
1,25,1
3,25,1
5,25,1
6,25,1
7,25,1
10,25,1
12,25,1
13,25,1
15,25,1
19,25,1
23,25,1
27,25,1
32,25,1
34,25,1
37,25,1
38,25,1
40,25,1
41,25,1
42,25,1
44,25,1
50,25,1
52,25,1
53,25,1
61,25,1
62,25,1
63,25,1
66,25,1
68,25,1
71,25,1
74,25,1
76,25,1
77,25,1
78,25,1
79,25,1
86,25,1
91,25,1
96,25,1
97,25,1
100,25,1
108,25,1
109,25,1
112,25,1
115,25,1
116,25,1
117,25,1
119,25,1
120,25,1
140,25,1
2,26,1
3,26,1
11,26,1
12,26,1
19,26,1
30,26,1
31,26,1
33,26,1
38,26,1
39,26,1
42,26,1
43,26,1
45,26,1
48,26,1
61,26,1
64,26,1
66,26,1
67,26,1
69,26,1
72,26,1
73,26,1
75,26,1
76,26,1
78,26,1
81,26,1
87,26,1
89,26,1
90,26,1
93,26,1
94,26,1
97,26,1
100,26,1
107,26,1
108,26,1
111,26,1
113,26,1
114,26,1
119,26,1
1,27,1
4,27,1
5,27,1
7,27,1
8,27,1
9,27,1
10,27,1
14,27,1
15,27,1
16,27,1
18,27,1
20,27,1
24,27,1
26,27,1
33,27,1
37,27,1
38,27,1
40,27,1
49,27,1
54,27,1
57,27,1
59,27,1
60,27,1
62,27,1
65,27,1
66,27,1
68,27,1
71,27,1
72,27,1
77,27,1
85,27,1
86,27,1
92,27,1
94,27,1
98,27,1
107,27,1
111,27,1
112,27,1
115,27,1
117,27,1
1,28,1
5,28,1
7,28,1
8,28,1
9,28,1
10,28,1
11,28,1
13,28,1
16,28,1
18,28,1
24,28,1
29,28,1
30,28,1
31,28,1
32,28,1
37,28,1
38,28,1
43,28,1
44,28,1
45,28,1
53,28,1
55,28,1
60,28,1
63,28,1
75,28,1
79,28,1
80,28,1
86,28,1
87,28,1
100,28,1
101,28,1
102,28,1
105,28,1
107,28,1
111,28,1
117,28,1
3,29,1
5,29,1
11,29,1
18,29,1
19,29,1
25,29,1
27,29,1
32,29,1
37,29,1
40,29,1
41,29,1
44,29,1
45,29,1
46,29,1
47,29,1
51,29,1
52,29,1
59,29,1
62,29,1
63,29,1
70,29,1
72,29,1
73,29,1
74,29,1
76,29,1
77,29,1
78,29,1
81,29,1
82,29,1
85,29,1
86,29,1
89,29,1
93,29,1
100,29,1
102,29,1
104,29,1
105,29,1
109,29,1
112,29,1
114,29,1
116,29,1
143,29,1
1,30,1
6,30,1
9,30,1
10,30,1
12,30,1
13,30,1
15,30,1
17,30,1
19,30,1
20,30,1
22,30,1
26,30,1
29,30,1
38,30,1
39,30,1
41,30,1
42,30,1
48,30,1
49,30,1
52,30,1
53,30,1
54,30,1
58,30,1
59,30,1
60,30,1
64,30,1
66,30,1
68,30,1
69,30,1
72,30,1
76,30,1
81,30,1
86,30,1
87,30,1
91,30,1
95,30,1
100,30,1
111,30,1
113,30,1
120,30,1
144,30,1
3,31,1
5,31,1
10,31,1
13,31,1
14,31,1
21,31,1
28,31,1
34,31,1
38,31,1
39,31,1
41,31,1
43,31,1
44,31,1
45,31,1
46,31,1
47,31,1
49,31,1
52,31,1
56,31,1
57,31,1
58,31,1
59,31,1
61,31,1
67,31,1
71,31,1
73,31,1
74,31,1
78,31,1
79,31,1
81,31,1
82,31,1
86,31,1
87,31,1
88,31,1
90,31,1
91,31,1
92,31,1
94,31,1
95,31,1
96,31,1
98,31,1
99,31,1
101,31,1
103,31,1
106,31,1
108,31,1
112,31,1
116,31,1
118,31,1
134,31,1
7,32,1
11,32,1
14,32,1
17,32,1
19,32,1
25,32,1
30,32,1
31,32,1
36,32,1
37,32,1
40,32,1
41,32,1
46,32,1
53,32,1
55,32,1
56,32,1
59,32,1
60,32,1
62,32,1
63,32,1
64,32,1
65,32,1
66,32,1
68,32,1
71,32,1
76,32,1
77,32,1
86,32,1
90,32,1
92,32,1
101,32,1
103,32,1
104,32,1
106,32,1
115,32,1
121,32,1
144,32,1
1,33,1
2,33,1
4,33,1
5,33,1
6,33,1
8,33,1
10,33,1
12,33,1
15,33,1
16,33,1
20,33,1
24,33,1
25,33,1
26,33,1
29,33,1
30,33,1
35,33,1
37,33,1
38,33,1
39,33,1
40,33,1
41,33,1
44,33,1
46,33,1
47,33,1
52,33,1
56,33,1
57,33,1
58,33,1
65,33,1
66,33,1
67,33,1
68,33,1
71,33,1
72,33,1
73,33,1
74,33,1
78,33,1
82,33,1
83,33,1
87,33,1
88,33,1
92,33,1
93,33,1
94,33,1
99,33,1
101,33,1
107,33,1
112,33,1
114,33,1
115,33,1
117,33,1
118,33,1
119,33,1
129,33,1
2,34,1
3,34,1
4,34,1
6,34,1
11,34,1
21,34,1
29,34,1
37,34,1
38,34,1
39,34,1
40,34,1
41,34,1
43,34,1
44,34,1
47,34,1
49,34,1
53,34,1
61,34,1
67,34,1
70,34,1
75,34,1
78,34,1
80,34,1
82,34,1
83,34,1
84,34,1
85,34,1
89,34,1
96,34,1
97,34,1
99,34,1
100,34,1
101,34,1
102,34,1
103,34,1
109,34,1
111,34,1
113,34,1
114,34,1
118,34,1
120,34,1
140,34,1
2,35,1
6,35,1
7,35,1
13,35,1
14,35,1
18,35,1
23,35,1
25,35,1
27,35,1
30,35,1
31,35,1
34,35,1
37,35,1
38,35,1
39,35,1
40,35,1
41,35,1
42,35,1
45,35,1
46,35,1
47,35,1
51,35,1
52,35,1
54,35,1
55,35,1
59,35,1
60,35,1
65,35,1
73,35,1
74,35,1
75,35,1
76,35,1
77,35,1
80,35,1
84,35,1
85,35,1
87,35,1
89,35,1
92,35,1
96,35,1
101,35,1
103,35,1
105,35,1
114,35,1
119,35,1
1,36,1
7,36,1
8,36,1
10,36,1
11,36,1
12,36,1
19,36,1
20,36,1
22,36,1
26,36,1
27,36,1
28,36,1
31,36,1
33,36,1
37,36,1
38,36,1
39,36,1
40,36,1
41,36,1
42,36,1
43,36,1
44,36,1
45,36,1
46,36,1
49,36,1
54,36,1
56,36,1
58,36,1
59,36,1
60,36,1
62,36,1
66,36,1
68,36,1
69,36,1
72,36,1
78,36,1
80,36,1
81,36,1
85,36,1
87,36,1
94,36,1
95,36,1
109,36,1
111,36,1
113,36,1
114,36,1
116,36,1
7,37,1
14,37,1
16,37,1
21,37,1
23,37,1
29,37,1
30,37,1
31,37,1
32,37,1
33,37,1
34,37,1
35,37,1
36,37,1
46,37,1
47,37,1
50,37,1
54,37,1
58,37,1
67,37,1
71,37,1
74,37,1
75,37,1
81,37,1
83,37,1
84,37,1
86,37,1
95,37,1
96,37,1
101,37,1
108,37,1
110,37,1
111,37,1
112,37,1
116,37,1
117,37,1
119,37,1
129,37,1
6,38,1
7,38,1
8,38,1
10,38,1
11,38,1
23,38,1
28,38,1
29,38,1
30,38,1
31,38,1
32,38,1
33,38,1
35,38,1
36,38,1
43,38,1
49,38,1
50,38,1
55,38,1
59,38,1
60,38,1
63,38,1
66,38,1
69,38,1
70,38,1
74,38,1
77,38,1
81,38,1
85,38,1
90,38,1
94,38,1
99,38,1
101,38,1
102,38,1
106,38,1
108,38,1
111,38,1
114,38,1
115,38,1
119,38,1
120,38,1
144,38,1
4,39,1
10,39,1
12,39,1
21,39,1
30,39,1
31,39,1
32,39,1
33,39,1
35,39,1
36,39,1
37,39,1
40,39,1
44,39,1
46,39,1
47,39,1
49,39,1
50,39,1
53,39,1
55,39,1
56,39,1
60,39,1
61,39,1
62,39,1
63,39,1
65,39,1
68,39,1
69,39,1
71,39,1
72,39,1
77,39,1
78,39,1
84,39,1
85,39,1
88,39,1
91,39,1
94,39,1
95,39,1
99,39,1
102,39,1
104,39,1
110,39,1
118,39,1
119,39,1
1,40,1
3,40,1
12,40,1
16,40,1
21,40,1
27,40,1
32,40,1
34,40,1
35,40,1
36,40,1
38,40,1
41,40,1
46,40,1
47,40,1
48,40,1
49,40,1
50,40,1
53,40,1
54,40,1
56,40,1
58,40,1
60,40,1
61,40,1
62,40,1
64,40,1
65,40,1
67,40,1
78,40,1
79,40,1
89,40,1
91,40,1
93,40,1
98,40,1
99,40,1
108,40,1
117,40,1
1,41,1
2,41,1
18,41,1
28,41,1
30,41,1
31,41,1
33,41,1
35,41,1
37,41,1
38,41,1
45,41,1
46,41,1
48,41,1
50,41,1
52,41,1
56,41,1
57,41,1
58,41,1
61,41,1
66,41,1
73,41,1
74,41,1
78,41,1
79,41,1
82,41,1
84,41,1
88,41,1
90,41,1
98,41,1
99,41,1
103,41,1
107,41,1
117,41,1
118,41,1
3,42,1
9,42,1
11,42,1
21,42,1
22,42,1
26,42,1
28,42,1
29,42,1
30,42,1
31,42,1
32,42,1
34,42,1
35,42,1
36,42,1
39,42,1
44,42,1
49,42,1
50,42,1
51,42,1
52,42,1
54,42,1
55,42,1
56,42,1
57,42,1
59,42,1
71,42,1
72,42,1
73,42,1
78,42,1
81,42,1
83,42,1
85,42,1
91,42,1
97,42,1
98,42,1
103,42,1
105,42,1
110,42,1
112,42,1
115,42,1
116,42,1
117,42,1
119,42,1
2,43,1
4,43,1
7,43,1
18,43,1
22,43,1
25,43,1
27,43,1
29,43,1
30,43,1
31,43,1
32,43,1
33,43,1
34,43,1
35,43,1
36,43,1
37,43,1
41,43,1
45,43,1
48,43,1
55,43,1
56,43,1
59,43,1
63,43,1
64,43,1
66,43,1
69,43,1
83,43,1
89,43,1
91,43,1
92,43,1
93,43,1
99,43,1
100,43,1
102,43,1
109,43,1
117,43,1
1,44,1
5,44,1
6,44,1
9,44,1
14,44,1
16,44,1
17,44,1
18,44,1
24,44,1
25,44,1
29,44,1
30,44,1
31,44,1
32,44,1
33,44,1
34,44,1
35,44,1
36,44,1
37,44,1
48,44,1
49,44,1
50,44,1
55,44,1
58,44,1
60,44,1
62,44,1
63,44,1
65,44,1
67,44,1
68,44,1
72,44,1
73,44,1
76,44,1
81,44,1
83,44,1
90,44,1
95,44,1
98,44,1
100,44,1
102,44,1
103,44,1
107,44,1
110,44,1
113,44,1
114,44,1
115,44,1
1,45,1
3,45,1
6,45,1
10,45,1
13,45,1
14,45,1
22,45,1
24,45,1
25,45,1
28,45,1
30,45,1
33,45,1
34,45,1
35,45,1
36,45,1
38,45,1
42,45,1
44,45,1
47,45,1
48,45,1
50,45,1
52,45,1
54,45,1
55,45,1
56,45,1
58,45,1
59,45,1
63,45,1
65,45,1
66,45,1
68,45,1
71,45,1
72,45,1
74,45,1
80,45,1
82,45,1
85,45,1
86,45,1
89,45,1
90,45,1
93,45,1
100,45,1
101,45,1
107,45,1
109,45,1
111,45,1
112,45,1
116,45,1
120,45,1
1,46,1
2,46,1
4,46,1
7,46,1
8,46,1
10,46,1
26,46,1
29,46,1
31,46,1
33,46,1
34,46,1
36,46,1
42,46,1
47,46,1
48,46,1
55,46,1
57,46,1
58,46,1
60,46,1
62,46,1
63,46,1
70,46,1
72,46,1
76,46,1
77,46,1
78,46,1
81,46,1
85,46,1
86,46,1
87,46,1
94,46,1
95,46,1
97,46,1
108,46,1
112,46,1
114,46,1
115,46,1
116,46,1
119,46,1
2,47,1
8,47,1
12,47,1
14,47,1
15,47,1
19,47,1
23,47,1
25,47,1
26,47,1
31,47,1
35,47,1
38,47,1
45,47,1
46,47,1
56,47,1
59,47,1
64,47,1
67,47,1
80,47,1
81,47,1
85,47,1
88,47,1
93,47,1
96,47,1
98,47,1
101,47,1
102,47,1
104,47,1
107,47,1
110,47,1
111,47,1
114,47,1
115,47,1
123,47,1
4,48,1
17,48,1
19,48,1
20,48,1
23,48,1
27,48,1
31,48,1
33,48,1
34,48,1
35,48,1
37,48,1
39,48,1
41,48,1
43,48,1
53,48,1
57,48,1
61,48,1
62,48,1
65,48,1
66,48,1
68,48,1
74,48,1
77,48,1
82,48,1
86,48,1
87,48,1
90,48,1
91,48,1
93,48,1
95,48,1
100,48,1
104,48,1
105,48,1
110,48,1
114,48,1
3,49,1
6,49,1
8,49,1
11,49,1
17,49,1
21,49,1
24,49,1
25,49,1
26,49,1
30,49,1
32,49,1
33,49,1
34,49,1
37,49,1
41,49,1
43,49,1
44,49,1
45,49,1
47,49,1
50,49,1
54,49,1
56,49,1
58,49,1
61,49,1
63,49,1
65,49,1
68,49,1
69,49,1
71,49,1
72,49,1
74,49,1
76,49,1
80,49,1
84,49,1
85,49,1
89,49,1
90,49,1
91,49,1
94,49,1
103,49,1
105,49,1
112,49,1
117,49,1
120,49,1
148,49,1
12,50,1
13,50,1
18,50,1
20,50,1
21,50,1
28,50,1
30,50,1
33,50,1
34,50,1
37,50,1
38,50,1
39,50,1
41,50,1
45,50,1
48,50,1
51,50,1
56,50,1
65,50,1
67,50,1
69,50,1
73,50,1
74,50,1
75,50,1
81,50,1
83,50,1
85,50,1
86,50,1
87,50,1
94,50,1
97,50,1
100,50,1
110,50,1
111,50,1
115,50,1
116,50,1
123,50,1
5,51,1
6,51,1
16,51,1
17,51,1
19,51,1
20,51,1
22,51,1
23,51,1
24,51,1
29,51,1
32,51,1
33,51,1
37,51,1
38,51,1
39,51,1
42,51,1
43,51,1
44,51,1
47,51,1
48,51,1
55,51,1
56,51,1
57,51,1
58,51,1
60,51,1
61,51,1
63,51,1
75,51,1
87,51,1
88,51,1
89,51,1
91,51,1
93,51,1
94,51,1
95,51,1
101,51,1
107,51,1
109,51,1
110,51,1
112,51,1
113,51,1
115,51,1
118,51,1
2,52,1
8,52,1
13,52,1
14,52,1
19,52,1
21,52,1
23,52,1
30,52,1
36,52,1
37,52,1
39,52,1
40,52,1
44,52,1
45,52,1
49,52,1
54,52,1
57,52,1
59,52,1
60,52,1
65,52,1
71,52,1
74,52,1
76,52,1
78,52,1
81,52,1
83,52,1
84,52,1
87,52,1
91,52,1
93,52,1
98,52,1
99,52,1
102,52,1
104,52,1
107,52,1
113,52,1
116,52,1
146,52,1
2,53,1
3,53,1
5,53,1
6,53,1
8,53,1
9,53,1
14,53,1
24,53,1
28,53,1
29,53,1
31,53,1
33,53,1
34,53,1
35,53,1
38,53,1
40,53,1
41,53,1
43,53,1
47,53,1
51,53,1
55,53,1
60,53,1
62,53,1
63,53,1
69,53,1
70,53,1
72,53,1
73,53,1
78,53,1
79,53,1
80,53,1
82,53,1
84,53,1
87,53,1
94,53,1
95,53,1
96,53,1
103,53,1
105,53,1
107,53,1
112,53,1
119,53,1
120,53,1
1,54,1
2,54,1
3,54,1
5,54,1
10,54,1
20,54,1
21,54,1
22,54,1
25,54,1
28,54,1
30,54,1
31,54,1
39,54,1
40,54,1
47,54,1
57,54,1
60,54,1
62,54,1
63,54,1
64,54,1
70,54,1
74,54,1
75,54,1
79,54,1
81,54,1
85,54,1
91,54,1
95,54,1
97,54,1
101,54,1
103,54,1
106,54,1
112,54,1
113,54,1
115,54,1
118,54,1
119,54,1
120,54,1
1,55,1
2,55,1
5,55,1
6,55,1
8,55,1
11,55,1
15,55,1
17,55,1
18,55,1
20,55,1
25,55,1
27,55,1
28,55,1
29,55,1
32,55,1
33,55,1
35,55,1
36,55,1
37,55,1
38,55,1
42,55,1
43,55,1
44,55,1
46,55,1
48,55,1
52,55,1
54,55,1
57,55,1
58,55,1
67,55,1
68,55,1
72,55,1
73,55,1
75,55,1
80,55,1
81,55,1
85,55,1
88,55,1
92,55,1
99,55,1
104,55,1
105,55,1
106,55,1
109,55,1
110,55,1
111,55,1
113,55,1
116,55,1
117,55,1
146,55,1
1,56,1
3,56,1
6,56,1
14,56,1
16,56,1
18,56,1
19,56,1
24,56,1
27,56,1
29,56,1
33,56,1
35,56,1
36,56,1
37,56,1
38,56,1
39,56,1
41,56,1
44,56,1
46,56,1
52,56,1
61,56,1
63,56,1
67,56,1
72,56,1
77,56,1
78,56,1
83,56,1
86,56,1
89,56,1
90,56,1
100,56,1
105,56,1
109,56,1
111,56,1
112,56,1
1,57,1
3,57,1
9,57,1
11,57,1
13,57,1
15,57,1
18,57,1
20,57,1
23,57,1
24,57,1
25,57,1
26,57,1
29,57,1
30,57,1
32,57,1
34,57,1
35,57,1
38,57,1
39,57,1
40,57,1
41,57,1
42,57,1
44,57,1
47,57,1
48,57,1
50,57,1
51,57,1
52,57,1
53,57,1
54,57,1
55,57,1
56,57,1
60,57,1
65,57,1
68,57,1
69,57,1
72,57,1
73,57,1
74,57,1
76,57,1
77,57,1
80,57,1
82,57,1
84,57,1
85,57,1
90,57,1
91,57,1
94,57,1
95,57,1
99,57,1
100,57,1
104,57,1
106,57,1
111,57,1
112,57,1
118,57,1
2,58,1
3,58,1
6,58,1
8,58,1
11,58,1
12,58,1
13,58,1
15,58,1
17,58,1
18,58,1
20,58,1
23,58,1
29,58,1
31,58,1
33,58,1
40,58,1
41,58,1
42,58,1
44,58,1
46,58,1
50,58,1
53,58,1
54,58,1
56,58,1
57,58,1
66,58,1
67,58,1
69,58,1
70,58,1
76,58,1
78,58,1
81,58,1
83,58,1
84,58,1
87,58,1
95,58,1
101,58,1
105,58,1
107,58,1
108,58,1
110,58,1
111,58,1
113,58,1
115,58,1
116,58,1
132,58,1
3,59,1
7,59,1
9,59,1
13,59,1
19,59,1
21,59,1
23,59,1
26,59,1
27,59,1
29,59,1
31,59,1
32,59,1
35,59,1
36,59,1
37,59,1
44,59,1
46,59,1
48,59,1
50,59,1
53,59,1
55,59,1
62,59,1
66,59,1
67,59,1
69,59,1
71,59,1
72,59,1
73,59,1
74,59,1
80,59,1
86,59,1
89,59,1
92,59,1
96,59,1
97,59,1
104,59,1
105,59,1
107,59,1
108,59,1
109,59,1
112,59,1
116,59,1
117,59,1
1,60,1
2,60,1
3,60,1
4,60,1
6,60,1
8,60,1
13,60,1
14,60,1
19,60,1
21,60,1
23,60,1
27,60,1
28,60,1
29,60,1
31,60,1
32,60,1
36,60,1
37,60,1
43,60,1
47,60,1
48,60,1
50,60,1
51,60,1
52,60,1
53,60,1
56,60,1
58,60,1
59,60,1
64,60,1
65,60,1
68,60,1
69,60,1
74,60,1
82,60,1
83,60,1
88,60,1
92,60,1
93,60,1
98,60,1
103,60,1
105,60,1
118,60,1
139,60,1
143,60,1
3,61,1
4,61,1
9,61,1
19,61,1
20,61,1
21,61,1
36,61,1
40,61,1
41,61,1
44,61,1
46,61,1
48,61,1
57,61,1
58,61,1
63,61,1
65,61,1
66,61,1
67,61,1
68,61,1
69,61,1
72,61,1
74,61,1
77,61,1
78,61,1
80,61,1
85,61,1
88,61,1
89,61,1
90,61,1
96,61,1
101,61,1
104,61,1
105,61,1
112,61,1
114,61,1
115,61,1
7,62,1
8,62,1
9,62,1
12,62,1
14,62,1
20,62,1
22,62,1
28,62,1
30,62,1
33,62,1
35,62,1
36,62,1
38,62,1
40,62,1
45,62,1
49,62,1
52,62,1
53,62,1
54,62,1
55,62,1
57,62,1
65,62,1
66,62,1
67,62,1
68,62,1
69,62,1
71,62,1
72,62,1
77,62,1
78,62,1
79,62,1
80,62,1
82,62,1
89,62,1
93,62,1
96,62,1
99,62,1
101,62,1
106,62,1
108,62,1
111,62,1
119,62,1
10,63,1
13,63,1
24,63,1
26,63,1
29,63,1
30,63,1
31,63,1
34,63,1
37,63,1
39,63,1
40,63,1
48,63,1
50,63,1
51,63,1
55,63,1
56,63,1
58,63,1
59,63,1
62,63,1
65,63,1
66,63,1
67,63,1
68,63,1
69,63,1
70,63,1
73,63,1
74,63,1
75,63,1
85,63,1
87,63,1
90,63,1
93,63,1
97,63,1
100,63,1
116,63,1
117,63,1
1,64,1
6,64,1
16,64,1
18,64,1
19,64,1
24,64,1
25,64,1
34,64,1
36,64,1
39,64,1
43,64,1
46,64,1
47,64,1
49,64,1
54,64,1
55,64,1
56,64,1
59,64,1
61,64,1
65,64,1
66,64,1
67,64,1
68,64,1
69,64,1
70,64,1
71,64,1
72,64,1
73,64,1
74,64,1
75,64,1
80,64,1
86,64,1
89,64,1
93,64,1
97,64,1
98,64,1
99,64,1
102,64,1
114,64,1
117,64,1
120,64,1
1,65,1
3,65,1
5,65,1
6,65,1
10,65,1
12,65,1
13,65,1
14,65,1
21,65,1
26,65,1
27,65,1
29,65,1
33,65,1
34,65,1
35,65,1
40,65,1
41,65,1
42,65,1
45,65,1
49,65,1
50,65,1
51,65,1
52,65,1
55,65,1
57,65,1
58,65,1
59,65,1
60,65,1
61,65,1
62,65,1
63,65,1
64,65,1
74,65,1
86,65,1
90,65,1
91,65,1
93,65,1
95,65,1
102,65,1
107,65,1
108,65,1
109,65,1
111,65,1
118,65,1
4,66,1
7,66,1
9,66,1
10,66,1
12,66,1
16,66,1
17,66,1
18,66,1
20,66,1
25,66,1
26,66,1
33,66,1
35,66,1
36,66,1
37,66,1
41,66,1
45,66,1
47,66,1
50,66,1
52,66,1
54,66,1
55,66,1
57,66,1
58,66,1
59,66,1
60,66,1
61,66,1
63,66,1
64,66,1
71,66,1
76,66,1
78,66,1
81,66,1
82,66,1
83,66,1
87,66,1
89,66,1
92,66,1
94,66,1
97,66,1
98,66,1
99,66,1
103,66,1
104,66,1
105,66,1
107,66,1
108,66,1
115,66,1
119,66,1
1,67,1
4,67,1
5,67,1
10,67,1
11,67,1
17,67,1
21,67,1
24,67,1
30,67,1
33,67,1
36,67,1
46,67,1
47,67,1
49,67,1
52,67,1
58,67,1
59,67,1
60,67,1
61,67,1
63,67,1
64,67,1
65,67,1
68,67,1
72,67,1
74,67,1
76,67,1
78,67,1
79,67,1
82,67,1
84,67,1
92,67,1
95,67,1
98,67,1
99,67,1
101,67,1
104,67,1
110,67,1
115,67,1
120,67,1
127,67,1
148,67,1
3,68,1
6,68,1
10,68,1
12,68,1
14,68,1
16,68,1
19,68,1
26,68,1
27,68,1
28,68,1
29,68,1
31,68,1
32,68,1
41,68,1
47,68,1
48,68,1
60,68,1
62,68,1
63,68,1
64,68,1
66,68,1
69,68,1
74,68,1
77,68,1
81,68,1
82,68,1
83,68,1
86,68,1
88,68,1
89,68,1
90,68,1
91,68,1
92,68,1
96,68,1
99,68,1
103,68,1
104,68,1
105,68,1
112,68,1
113,68,1
117,68,1
118,68,1
119,68,1
120,68,1
2,69,1
5,69,1
6,69,1
7,69,1
8,69,1
11,69,1
15,69,1
17,69,1
20,69,1
22,69,1
30,69,1
32,69,1
33,69,1
34,69,1
37,69,1
38,69,1
39,69,1
40,69,1
41,69,1
42,69,1
43,69,1
44,69,1
46,69,1
48,69,1
49,69,1
50,69,1
53,69,1
54,69,1
56,69,1
58,69,1
59,69,1
61,69,1
63,69,1
65,69,1
66,69,1
73,69,1
74,69,1
75,69,1
76,69,1
78,69,1
84,69,1
85,69,1
86,69,1
89,69,1
93,69,1
98,69,1
102,69,1
103,69,1
107,69,1
108,69,1
110,69,1
111,69,1
114,69,1
9,70,1
14,70,1
21,70,1
27,70,1
28,70,1
29,70,1
31,70,1
35,70,1
38,70,1
40,70,1
43,70,1
46,70,1
49,70,1
52,70,1
53,70,1
54,70,1
56,70,1
57,70,1
58,70,1
59,70,1
60,70,1
62,70,1
63,70,1
64,70,1
67,70,1
72,70,1
75,70,1
89,70,1
95,70,1
97,70,1
105,70,1
107,70,1
109,70,1
113,70,1
119,70,1
120,70,1
142,70,1
5,71,1
19,71,1
26,71,1
33,71,1
35,71,1
36,71,1
38,71,1
41,71,1
43,71,1
49,71,1
54,71,1
57,71,1
58,71,1
59,71,1
60,71,1
61,71,1
62,71,1
63,71,1
64,71,1
65,71,1
69,71,1
73,71,1
77,71,1
80,71,1
82,71,1
83,71,1
84,71,1
87,71,1
89,71,1
90,71,1
92,71,1
95,71,1
105,71,1
108,71,1
110,71,1
112,71,1
117,71,1
119,71,1
2,72,1
3,72,1
5,72,1
10,72,1
11,72,1
14,72,1
16,72,1
21,72,1
23,72,1
33,72,1
34,72,1
37,72,1
38,72,1
40,72,1
43,72,1
51,72,1
52,72,1
53,72,1
57,72,1
58,72,1
59,72,1
60,72,1
61,72,1
62,72,1
63,72,1
64,72,1
65,72,1
75,72,1
76,72,1
78,72,1
84,72,1
88,72,1
89,72,1
96,72,1
102,72,1
106,72,1
107,72,1
111,72,1
114,72,1
118,72,1
120,72,1
4,73,1
6,73,1
7,73,1
8,73,1
11,73,1
14,73,1
15,73,1
17,73,1
27,73,1
28,73,1
32,73,1
35,73,1
36,73,1
37,73,1
41,73,1
45,73,1
48,73,1
53,73,1
56,73,1
58,73,1
61,73,1
62,73,1
63,73,1
64,73,1
66,73,1
70,73,1
72,73,1
82,73,1
84,73,1
85,73,1
87,73,1
93,73,1
97,73,1
106,73,1
107,73,1
109,73,1
111,73,1
113,73,1
114,73,1
117,73,1
118,73,1
140,73,1
141,73,1
4,74,1
9,74,1
13,74,1
18,74,1
20,74,1
21,74,1
22,74,1
27,74,1
29,74,1
30,74,1
34,74,1
38,74,1
39,74,1
41,74,1
42,74,1
48,74,1
50,74,1
52,74,1
53,74,1
54,74,1
57,74,1
59,74,1
61,74,1
62,74,1
64,74,1
70,74,1
77,74,1
78,74,1
80,74,1
94,74,1
95,74,1
98,74,1
101,74,1
102,74,1
103,74,1
104,74,1
105,74,1
106,74,1
107,74,1
114,74,1
115,74,1
117,74,1
146,74,1
1,75,1
2,75,1
4,75,1
14,75,1
16,75,1
17,75,1
22,75,1
24,75,1
25,75,1
31,75,1
33,75,1
42,75,1
44,75,1
47,75,1
49,75,1
50,75,1
52,75,1
54,75,1
58,75,1
59,75,1
60,75,1
62,75,1
66,75,1
67,75,1
71,75,1
78,75,1
83,75,1
86,75,1
87,75,1
90,75,1
91,75,1
92,75,1
93,75,1
97,75,1
98,75,1
105,75,1
108,75,1
109,75,1
116,75,1
118,75,1
119,75,1
120,75,1
125,75,1
1,76,1
13,76,1
16,76,1
22,76,1
23,76,1
26,76,1
27,76,1
29,76,1
30,76,1
31,76,1
33,76,1
37,76,1
43,76,1
44,76,1
49,76,1
52,76,1
53,76,1
55,76,1
59,76,1
62,76,1
66,76,1
69,76,1
75,76,1
84,76,1
85,76,1
87,76,1
88,76,1
94,76,1
95,76,1
98,76,1
99,76,1
100,76,1
104,76,1
105,76,1
106,76,1
110,76,1
112,76,1
114,76,1
115,76,1
118,76,1
136,76,1
1,77,1
14,77,1
21,77,1
22,77,1
25,77,1
35,77,1
37,77,1
38,77,1
43,77,1
45,77,1
46,77,1
50,77,1
63,77,1
64,77,1
70,77,1
71,77,1
73,77,1
74,77,1
80,77,1
84,77,1
85,77,1
87,77,1
89,77,1
90,77,1
91,77,1
92,77,1
93,77,1
95,77,1
98,77,1
102,77,1
103,77,1
104,77,1
105,77,1
107,77,1
113,77,1
117,77,1
119,77,1
120,77,1
2,78,1
3,78,1
4,78,1
7,78,1
10,78,1
13,78,1
24,78,1
26,78,1
30,78,1
32,78,1
33,78,1
35,78,1
40,78,1
41,78,1
44,78,1
45,78,1
47,78,1
51,78,1
52,78,1
58,78,1
62,78,1
65,78,1
68,78,1
73,78,1
74,78,1
76,78,1
77,78,1
82,78,1
83,78,1
86,78,1
87,78,1
92,78,1
99,78,1
101,78,1
102,78,1
105,78,1
106,78,1
108,78,1
109,78,1
110,78,1
111,78,1
112,78,1
114,78,1
117,78,1
3,79,1
4,79,1
6,79,1
9,79,1
12,79,1
13,79,1
14,79,1
18,79,1
19,79,1
20,79,1
27,79,1
35,79,1
36,79,1
38,79,1
40,79,1
47,79,1
53,79,1
54,79,1
56,79,1
59,79,1
61,79,1
65,79,1
67,79,1
68,79,1
71,79,1
73,79,1
75,79,1
76,79,1
81,79,1
83,79,1
84,79,1
85,79,1
86,79,1
87,79,1
90,79,1
92,79,1
93,79,1
98,79,1
102,79,1
103,79,1
104,79,1
111,79,1
112,79,1
113,79,1
114,79,1
117,79,1
118,79,1
119,79,1
120,79,1
124,79,1
1,80,1
3,80,1
6,80,1
7,80,1
9,80,1
12,80,1
13,80,1
14,80,1
18,80,1
22,80,1
35,80,1
50,80,1
56,80,1
63,80,1
65,80,1
68,80,1
73,80,1
75,80,1
83,80,1
84,80,1
85,80,1
86,80,1
87,80,1
89,80,1
90,80,1
93,80,1
95,80,1
99,80,1
107,80,1
113,80,1
116,80,1
4,81,1
5,81,1
11,81,1
12,81,1
18,81,1
23,81,1
24,81,1
26,81,1
31,81,1
33,81,1
34,81,1
35,81,1
37,81,1
38,81,1
40,81,1
42,81,1
53,81,1
57,81,1
60,81,1
62,81,1
64,81,1
65,81,1
71,81,1
72,81,1
74,81,1
76,81,1
77,81,1
80,81,1
83,81,1
84,81,1
85,81,1
86,81,1
87,81,1
88,81,1
91,81,1
92,81,1
93,81,1
97,81,1
98,81,1
100,81,1
101,81,1
105,81,1
106,81,1
111,81,1
119,81,1
120,81,1
2,82,1
5,82,1
9,82,1
10,82,1
11,82,1
12,82,1
14,82,1
24,82,1
37,82,1
39,82,1
40,82,1
43,82,1
46,82,1
48,82,1
52,82,1
56,82,1
59,82,1
61,82,1
62,82,1
64,82,1
65,82,1
67,82,1
69,82,1
77,82,1
79,82,1
83,82,1
84,82,1
85,82,1
86,82,1
87,82,1
88,82,1
89,82,1
90,82,1
91,82,1
92,82,1
95,82,1
100,82,1
102,82,1
104,82,1
105,82,1
106,82,1
108,82,1
112,82,1
114,82,1
115,82,1
118,82,1
1,83,1
2,83,1
4,83,1
7,83,1
8,83,1
11,83,1
12,83,1
14,83,1
16,83,1
17,83,1
19,83,1
20,83,1
23,83,1
25,83,1
26,83,1
28,83,1
29,83,1
30,83,1
31,83,1
32,83,1
33,83,1
34,83,1
37,83,1
38,83,1
42,83,1
44,83,1
46,83,1
49,83,1
51,83,1
52,83,1
53,83,1
56,83,1
62,83,1
63,83,1
70,83,1
74,83,1
75,83,1
76,83,1
77,83,1
78,83,1
79,83,1
80,83,1
81,83,1
82,83,1
92,83,1
93,83,1
96,83,1
100,83,1
104,83,1
113,83,1
117,83,1
120,83,1
1,84,1
4,84,1
7,84,1
9,84,1
10,84,1
13,84,1
14,84,1
16,84,1
17,84,1
18,84,1
19,84,1
29,84,1
32,84,1
34,84,1
35,84,1
44,84,1
45,84,1
46,84,1
49,84,1
51,84,1
52,84,1
53,84,1
58,84,1
60,84,1
62,84,1
68,84,1
69,84,1
71,84,1
75,84,1
76,84,1
77,84,1
78,84,1
79,84,1
81,84,1
82,84,1
89,84,1
95,84,1
96,84,1
101,84,1
105,84,1
106,84,1
109,84,1
112,84,1
115,84,1
116,84,1
120,84,1
126,84,1
1,85,1
3,85,1
10,85,1
11,85,1
19,85,1
24,85,1
27,85,1
28,85,1
40,85,1
44,85,1
45,85,1
47,85,1
49,85,1
50,85,1
51,85,1
59,85,1
60,85,1
64,85,1
65,85,1
66,85,1
70,85,1
74,85,1
76,85,1
77,85,1
78,85,1
79,85,1
81,85,1
82,85,1
83,85,1
86,85,1
90,85,1
92,85,1
93,85,1
95,85,1
96,85,1
99,85,1
101,85,1
102,85,1
106,85,1
107,85,1
108,85,1
109,85,1
111,85,1
114,85,1
115,85,1
117,85,1
118,85,1
1,86,1
2,86,1
3,86,1
4,86,1
6,86,1
7,86,1
14,86,1
15,86,1
18,86,1
20,86,1
22,86,1
25,86,1
33,86,1
36,86,1
38,86,1
39,86,1
41,86,1
46,86,1
50,86,1
51,86,1
61,86,1
64,86,1
65,86,1
68,86,1
72,86,1
78,86,1
80,86,1
81,86,1
82,86,1
84,86,1
87,86,1
92,86,1
93,86,1
94,86,1
95,86,1
96,86,1
99,86,1
100,86,1
102,86,1
104,86,1
106,86,1
107,86,1
108,86,1
110,86,1
111,86,1
113,86,1
2,87,1
3,87,1
5,87,1
9,87,1
10,87,1
11,87,1
13,87,1
15,87,1
19,87,1
20,87,1
21,87,1
23,87,1
24,87,1
25,87,1
29,87,1
33,87,1
34,87,1
44,87,1
45,87,1
59,87,1
61,87,1
66,87,1
68,87,1
73,87,1
76,87,1
77,87,1
79,87,1
81,87,1
83,87,1
84,87,1
91,87,1
92,87,1
94,87,1
96,87,1
98,87,1
102,87,1
103,87,1
104,87,1
107,87,1
112,87,1
119,87,1
120,87,1
148,87,1
2,88,1
3,88,1
4,88,1
5,88,1
7,88,1
9,88,1
11,88,1
13,88,1
14,88,1
21,88,1
24,88,1
26,88,1
32,88,1
36,88,1
37,88,1
39,88,1
42,88,1
46,88,1
48,88,1
51,88,1
53,88,1
54,88,1
59,88,1
68,88,1
75,88,1
76,88,1
77,88,1
78,88,1
80,88,1
81,88,1
82,88,1
85,88,1
90,88,1
95,88,1
96,88,1
97,88,1
98,88,1
100,88,1
101,88,1
102,88,1
103,88,1
105,88,1
117,88,1
118,88,1
119,88,1
123,88,1
3,89,1
5,89,1
6,89,1
9,89,1
15,89,1
22,89,1
27,89,1
31,89,1
34,89,1
38,89,1
40,89,1
43,89,1
48,89,1
50,89,1
51,89,1
52,89,1
55,89,1
60,89,1
63,89,1
65,89,1
67,89,1
72,89,1
73,89,1
75,89,1
76,89,1
77,89,1
78,89,1
79,89,1
80,89,1
81,89,1
82,89,1
83,89,1
87,89,1
91,89,1
94,89,1
101,89,1
102,89,1
105,89,1
109,89,1
110,89,1
112,89,1
115,89,1
1,90,1
3,90,1
11,90,1
22,90,1
23,90,1
24,90,1
25,90,1
26,90,1
28,90,1
30,90,1
31,90,1
32,90,1
37,90,1
38,90,1
40,90,1
41,90,1
42,90,1
44,90,1
45,90,1
47,90,1
49,90,1
52,90,1
58,90,1
60,90,1
61,90,1
67,90,1
70,90,1
72,90,1
75,90,1
76,90,1
77,90,1
78,90,1
79,90,1
80,90,1
81,90,1
82,90,1
83,90,1
94,90,1
95,90,1
96,90,1
101,90,1
104,90,1
106,90,1
108,90,1
109,90,1
111,90,1
113,90,1
114,90,1
118,90,1
119,90,1
136,90,1
3,91,1
5,91,1
11,91,1
12,91,1
17,91,1
19,91,1
20,91,1
25,91,1
29,91,1
30,91,1
37,91,1
38,91,1
39,91,1
42,91,1
44,91,1
54,91,1
55,91,1
59,91,1
60,91,1
63,91,1
76,91,1
79,91,1
80,91,1
81,91,1
82,91,1
84,91,1
88,91,1
90,91,1
93,91,1
94,91,1
96,91,1
98,91,1
100,91,1
101,91,1
102,91,1
104,91,1
105,91,1
109,91,1
111,91,1
112,91,1
114,91,1
117,91,1
118,91,1
120,91,1
124,91,1
5,92,1
8,92,1
11,92,1
13,92,1
17,92,1
18,92,1
20,92,1
24,92,1
26,92,1
29,92,1
35,92,1
38,92,1
39,92,1
43,92,1
45,92,1
48,92,1
52,92,1
54,92,1
56,92,1
58,92,1
59,92,1
63,92,1
68,92,1
69,92,1
72,92,1
75,92,1
77,92,1
79,92,1
80,92,1
82,92,1
88,92,1
93,92,1
94,92,1
101,92,1
103,92,1
104,92,1
106,92,1
108,92,1
109,92,1
116,92,1
118,92,1
3,93,1
6,93,1
7,93,1
9,93,1
15,93,1
16,93,1
19,93,1
23,93,1
27,93,1
31,93,1
32,93,1
34,93,1
37,93,1
38,93,1
42,93,1
43,93,1
46,93,1
50,93,1
51,93,1
53,93,1
55,93,1
64,93,1
66,93,1
69,93,1
71,93,1
72,93,1
77,93,1
81,93,1
84,93,1
91,93,1
92,93,1
102,93,1
105,93,1
110,93,1
113,93,1
123,93,1
3,94,1
7,94,1
10,94,1
13,94,1
16,94,1
19,94,1
26,94,1
27,94,1
30,94,1
31,94,1
36,94,1
39,94,1
41,94,1
42,94,1
43,94,1
45,94,1
46,94,1
51,94,1
52,94,1
57,94,1
63,94,1
73,94,1
77,94,1
79,94,1
80,94,1
81,94,1
83,94,1
85,94,1
87,94,1
89,94,1
99,94,1
103,94,1
107,94,1
108,94,1
111,94,1
112,94,1
114,94,1
120,94,1
2,95,1
3,95,1
4,95,1
6,95,1
9,95,1
10,95,1
17,95,1
19,95,1
21,95,1
22,95,1
23,95,1
28,95,1
29,95,1
30,95,1
33,95,1
39,95,1
42,95,1
44,95,1
50,95,1
53,95,1
54,95,1
65,95,1
66,95,1
70,95,1
71,95,1
72,95,1
74,95,1
76,95,1
78,95,1
79,95,1
80,95,1
83,95,1
87,95,1
89,95,1
90,95,1
91,95,1
93,95,1
96,95,1
100,95,1
102,95,1
104,95,1
107,95,1
109,95,1
111,95,1
114,95,1
115,95,1
117,95,1
118,95,1
120,95,1
137,95,1
7,96,1
11,96,1
12,96,1
13,96,1
17,96,1
32,96,1
41,96,1
54,96,1
55,96,1
56,96,1
59,96,1
61,96,1
63,96,1
67,96,1
70,96,1
72,96,1
73,96,1
76,96,1
79,96,1
80,96,1
83,96,1
84,96,1
85,96,1
87,96,1
91,96,1
94,96,1
97,96,1
102,96,1
111,96,1
113,96,1
115,96,1
119,96,1
120,96,1
133,96,1
3,97,1
8,97,1
11,97,1
18,97,1
21,97,1
26,97,1
31,97,1
32,97,1
37,97,1
38,97,1
40,97,1
43,97,1
48,97,1
49,97,1
50,97,1
55,97,1
57,97,1
60,97,1
62,97,1
63,97,1
65,97,1
66,97,1
68,97,1
69,97,1
73,97,1
74,97,1
75,97,1
78,97,1
79,97,1
83,97,1
84,97,1
85,97,1
88,97,1
89,97,1
90,97,1
93,97,1
94,97,1
101,97,1
102,97,1
103,97,1
104,97,1
106,97,1
107,97,1
109,97,1
4,98,1
8,98,1
13,98,1
20,98,1
21,98,1
22,98,1
23,98,1
25,98,1
30,98,1
32,98,1
34,98,1
38,98,1
39,98,1
40,98,1
43,98,1
46,98,1
47,98,1
48,98,1
51,98,1
61,98,1
64,98,1
68,98,1
69,98,1
74,98,1
76,98,1
82,98,1
83,98,1
85,98,1
86,98,1
90,98,1
91,98,1
95,98,1
100,98,1
103,98,1
105,98,1
106,98,1
111,98,1
117,98,1
120,98,1
1,99,1
2,99,1
3,99,1
8,99,1
10,99,1
15,99,1
17,99,1
19,99,1
24,99,1
28,99,1
31,99,1
40,99,1
45,99,1
50,99,1
53,99,1
54,99,1
57,99,1
58,99,1
60,99,1
62,99,1
64,99,1
66,99,1
68,99,1
74,99,1
75,99,1
77,99,1
79,99,1
80,99,1
81,99,1
84,99,1
86,99,1
87,99,1
89,99,1
93,99,1
97,99,1
101,99,1
106,99,1
108,99,1
109,99,1
115,99,1
116,99,1
118,99,1
119,99,1
132,99,1
3,100,1
5,100,1
6,100,1
7,100,1
8,100,1
10,100,1
11,100,1
12,100,1
13,100,1
14,100,1
15,100,1
18,100,1
19,100,1
23,100,1
25,100,1
32,100,1
34,100,1
35,100,1
38,100,1
41,100,1
44,100,1
46,100,1
50,100,1
51,100,1
57,100,1
61,100,1
62,100,1
66,100,1
67,100,1
70,100,1
74,100,1
76,100,1
77,100,1
85,100,1
86,100,1
93,100,1
103,100,1
106,100,1
108,100,1
109,100,1
110,100,1
116,100,1
120,100,1
122,100,1
135,100,1
3,101,1
7,101,1
9,101,1
10,101,1
11,101,1
14,101,1
17,101,1
20,101,1
26,101,1
27,101,1
28,101,1
29,101,1
32,101,1
36,101,1
37,101,1
43,101,1
46,101,1
47,101,1
51,101,1
54,101,1
56,101,1
57,101,1
60,101,1
61,101,1
63,101,1
68,101,1
72,101,1
75,101,1
78,101,1
79,101,1
81,101,1
82,101,1
83,101,1
84,101,1
88,101,1
89,101,1
90,101,1
92,101,1
94,101,1
98,101,1
100,101,1
103,101,1
104,101,1
113,101,1
114,101,1
118,101,1
119,101,1
12,102,1
18,102,1
19,102,1
27,102,1
32,102,1
34,102,1
36,102,1
41,102,1
47,102,1
49,102,1
50,102,1
53,102,1
58,102,1
71,102,1
72,102,1
73,102,1
75,102,1
79,102,1
81,102,1
82,102,1
83,102,1
84,102,1
85,102,1
87,102,1
90,102,1
92,102,1
98,102,1
107,102,1
109,102,1
113,102,1
118,102,1
2,103,1
4,103,1
8,103,1
9,103,1
10,103,1
11,103,1
16,103,1
19,103,1
22,103,1
23,103,1
26,103,1
27,103,1
28,103,1
38,103,1
40,103,1
52,103,1
55,103,1
58,103,1
59,103,1
60,103,1
68,103,1
69,103,1
72,103,1
75,103,1
76,103,1
78,103,1
80,103,1
81,103,1
84,103,1
85,103,1
86,103,1
87,103,1
88,103,1
90,103,1
93,103,1
94,103,1
96,103,1
97,103,1
98,103,1
99,103,1
100,103,1
101,103,1
102,103,1
106,103,1
111,103,1
114,103,1
115,103,1
118,103,1
119,103,1
120,103,1
3,104,1
5,104,1
9,104,1
10,104,1
11,104,1
17,104,1
18,104,1
19,104,1
20,104,1
21,104,1
28,104,1
31,104,1
36,104,1
37,104,1
43,104,1
44,104,1
45,104,1
53,104,1
55,104,1
56,104,1
57,104,1
61,104,1
62,104,1
64,104,1
70,104,1
71,104,1
72,104,1
75,104,1
77,104,1
79,104,1
86,104,1
87,104,1
88,104,1
90,104,1
92,104,1
96,104,1
99,104,1
100,104,1
102,104,1
103,104,1
112,104,1
113,104,1
115,104,1
116,104,1
128,104,1
1,105,1
6,105,1
9,105,1
10,105,1
15,105,1
18,105,1
19,105,1
20,105,1
26,105,1
36,105,1
38,105,1
43,105,1
47,105,1
54,105,1
60,105,1
67,105,1
70,105,1
75,105,1
77,105,1
78,105,1
81,105,1
82,105,1
83,105,1
90,105,1
92,105,1
94,105,1
96,105,1
99,105,1
101,105,1
108,105,1
112,105,1
113,105,1
115,105,1
117,105,1
118,105,1
119,105,1
120,105,1
122,105,1
1,106,1
3,106,1
9,106,1
11,106,1
12,106,1
13,106,1
14,106,1
16,106,1
18,106,1
19,106,1
21,106,1
25,106,1
27,106,1
28,106,1
31,106,1
33,106,1
35,106,1
36,106,1
41,106,1
49,106,1
50,106,1
52,106,1
53,106,1
57,106,1
59,106,1
60,106,1
63,106,1
64,106,1
65,106,1
68,106,1
69,106,1
70,106,1
71,106,1
72,106,1
75,106,1
77,106,1
78,106,1
82,106,1
83,106,1
89,106,1
93,106,1
94,106,1
96,106,1
97,106,1
98,106,1
99,106,1
102,106,1
104,106,1
105,106,1
110,106,1
111,106,1
114,106,1
115,106,1
120,106,1
4,107,1
6,107,1
7,107,1
16,107,1
17,107,1
19,107,1
20,107,1
21,107,1
27,107,1
30,107,1
41,107,1
49,107,1
57,107,1
60,107,1
62,107,1
67,107,1
71,107,1
72,107,1
82,107,1
86,107,1
87,107,1
90,107,1
92,107,1
94,107,1
103,107,1
104,107,1
109,107,1
111,107,1
112,107,1
113,107,1
114,107,1
115,107,1
118,107,1
120,107,1
7,108,1
10,108,1
12,108,1
13,108,1
20,108,1
30,108,1
32,108,1
33,108,1
35,108,1
37,108,1
38,108,1
39,108,1
40,108,1
45,108,1
46,108,1
47,108,1
48,108,1
49,108,1
50,108,1
52,108,1
53,108,1
54,108,1
55,108,1
61,108,1
62,108,1
64,108,1
70,108,1
72,108,1
73,108,1
76,108,1
79,108,1
81,108,1
82,108,1
84,108,1
86,108,1
91,108,1
95,108,1
98,108,1
99,108,1
100,108,1
101,108,1
103,108,1
111,108,1
112,108,1
113,108,1
114,108,1
115,108,1
117,108,1
118,108,1
1,109,1
2,109,1
8,109,1
9,109,1
10,109,1
18,109,1
22,109,1
23,109,1
26,109,1
34,109,1
35,109,1
39,109,1
42,109,1
45,109,1
50,109,1
56,109,1
59,109,1
60,109,1
62,109,1
64,109,1
65,109,1
67,109,1
74,109,1
75,109,1
76,109,1
77,109,1
80,109,1
83,109,1
85,109,1
86,109,1
94,109,1
96,109,1
97,109,1
101,109,1
102,109,1
104,109,1
105,109,1
108,109,1
111,109,1
112,109,1
113,109,1
114,109,1
115,109,1
116,109,1
119,109,1
120,109,1
2,110,1
6,110,1
8,110,1
16,110,1
18,110,1
22,110,1
23,110,1
29,110,1
30,110,1
31,110,1
32,110,1
34,110,1
35,110,1
36,110,1
42,110,1
45,110,1
57,110,1
61,110,1
62,110,1
63,110,1
65,110,1
66,110,1
70,110,1
80,110,1
82,110,1
85,110,1
89,110,1
92,110,1
93,110,1
95,110,1
100,110,1
101,110,1
102,110,1
105,110,1
107,110,1
111,110,1
112,110,1
113,110,1
114,110,1
115,110,1
116,110,1
117,110,1
118,110,1
119,110,1
120,110,1
2,111,1
4,111,1
7,111,1
8,111,1
9,111,1
12,111,1
13,111,1
14,111,1
17,111,1
18,111,1
22,111,1
24,111,1
25,111,1
35,111,1
39,111,1
44,111,1
52,111,1
53,111,1
63,111,1
68,111,1
74,111,1
75,111,1
79,111,1
80,111,1
81,111,1
86,111,1
87,111,1
88,111,1
91,111,1
95,111,1
96,111,1
97,111,1
98,111,1
101,111,1
103,111,1
104,111,1
105,111,1
106,111,1
107,111,1
108,111,1
109,111,1
110,111,1
120,111,1
5,112,1
9,112,1
12,112,1
21,112,1
24,112,1
27,112,1
31,112,1
37,112,1
43,112,1
46,112,1
47,112,1
48,112,1
50,112,1
55,112,1
60,112,1
63,112,1
64,112,1
69,112,1
71,112,1
79,112,1
81,112,1
82,112,1
83,112,1
87,112,1
91,112,1
93,112,1
96,112,1
98,112,1
100,112,1
101,112,1
103,112,1
104,112,1
105,112,1
106,112,1
107,112,1
109,112,1
110,112,1
117,112,1
4,113,1
6,113,1
8,113,1
9,113,1
12,113,1
13,113,1
15,113,1
16,113,1
17,113,1
22,113,1
23,113,1
25,113,1
27,113,1
29,113,1
33,113,1
35,113,1
36,113,1
40,113,1
44,113,1
47,113,1
50,113,1
53,113,1
54,113,1
61,113,1
63,113,1
68,113,1
71,113,1
74,113,1
76,113,1
79,113,1
82,113,1
92,113,1
93,113,1
95,113,1
98,113,1
104,113,1
105,113,1
106,113,1
107,113,1
109,113,1
110,113,1
111,113,1
114,113,1
118,113,1
120,113,1
128,113,1
140,113,1
1,114,1
5,114,1
6,114,1
9,114,1
10,114,1
16,114,1
17,114,1
24,114,1
30,114,1
32,114,1
33,114,1
36,114,1
42,114,1
43,114,1
48,114,1
49,114,1
53,114,1
54,114,1
57,114,1
60,114,1
63,114,1
69,114,1
70,114,1
75,114,1
77,114,1
78,114,1
87,114,1
93,114,1
94,114,1
106,114,1
108,114,1
109,114,1
110,114,1
112,114,1
115,114,1
120,114,1
133,114,1
1,115,1
3,115,1
4,115,1
5,115,1
6,115,1
8,115,1
10,115,1
11,115,1
23,115,1
24,115,1
27,115,1
31,115,1
32,115,1
33,115,1
36,115,1
40,115,1
43,115,1
51,115,1
56,115,1
57,115,1
59,115,1
60,115,1
61,115,1
73,115,1
76,115,1
78,115,1
79,115,1
80,115,1
83,115,1
84,115,1
85,115,1
86,115,1
87,115,1
88,115,1
89,115,1
90,115,1
92,115,1
94,115,1
95,115,1
96,115,1
99,115,1
100,115,1
102,115,1
104,115,1
105,115,1
107,115,1
109,115,1
111,115,1
112,115,1
119,115,1
120,115,1
12,116,1
13,116,1
21,116,1
22,116,1
26,116,1
27,116,1
28,116,1
31,116,1
44,116,1
45,116,1
49,116,1
50,116,1
52,116,1
53,116,1
55,116,1
59,116,1
60,116,1
64,116,1
71,116,1
73,116,1
75,116,1
77,116,1
81,116,1
84,116,1
86,116,1
89,116,1
92,116,1
95,116,1
98,116,1
99,116,1
100,116,1
102,116,1
103,116,1
104,116,1
105,116,1
106,116,1
108,116,1
109,116,1
110,116,1
113,116,1
118,116,1
130,116,1
142,116,1
8,117,1
13,117,1
16,117,1
19,117,1
20,117,1
22,117,1
24,117,1
25,117,1
28,117,1
30,117,1
33,117,1
35,117,1
37,117,1
41,117,1
45,117,1
46,117,1
47,117,1
48,117,1
56,117,1
60,117,1
62,117,1
68,117,1
70,117,1
71,117,1
72,117,1
73,117,1
79,117,1
81,117,1
82,117,1
84,117,1
87,117,1
89,117,1
95,117,1
100,117,1
103,117,1
104,117,1
105,117,1
106,117,1
107,117,1
108,117,1
109,117,1
110,117,1
111,117,1
115,117,1
119,117,1
1,118,1
3,118,1
4,118,1
11,118,1
15,118,1
17,118,1
19,118,1
20,118,1
29,118,1
33,118,1
35,118,1
44,118,1
49,118,1
51,118,1
54,118,1
62,118,1
64,118,1
67,118,1
68,118,1
70,118,1
71,118,1
72,118,1
74,118,1
79,118,1
80,118,1
83,118,1
84,118,1
86,118,1
89,118,1
97,118,1
98,118,1
99,118,1
103,118,1
104,118,1
105,118,1
106,118,1
107,118,1
108,118,1
109,118,1
110,118,1
111,118,1
128,118,1
3,119,1
4,119,1
10,119,1
13,119,1
16,119,1
18,119,1
25,119,1
27,119,1
33,119,1
36,119,1
40,119,1
45,119,1
48,119,1
51,119,1
52,119,1
54,119,1
55,119,1
56,119,1
58,119,1
62,119,1
65,119,1
68,119,1
71,119,1
78,119,1
81,119,1
82,119,1
83,119,1
87,119,1
91,119,1
94,119,1
99,119,1
102,119,1
104,119,1
107,119,1
108,119,1
109,119,1
110,119,1
112,119,1
116,119,1
118,119,1
133,119,1
6,120,1
9,120,1
18,120,1
20,120,1
21,120,1
24,120,1
25,120,1
29,120,1
32,120,1
33,120,1
34,120,1
36,120,1
42,120,1
46,120,1
47,120,1
48,120,1
54,120,1
55,120,1
59,120,1
63,120,1
66,120,1
67,120,1
71,120,1
72,120,1
73,120,1
75,120,1
76,120,1
80,120,1
84,120,1
85,120,1
87,120,1
88,120,1
94,120,1
96,120,1
98,120,1
99,120,1
100,120,1
103,120,1
105,120,1
107,120,1
108,120,1
110,120,1
116,120,1
135,120,1
13,121,1
28,121,1
62,121,1
108,121,1
114,121,1
124,121,1
129,121,1
132,121,1
133,121,1
136,121,1
137,121,1
138,121,1
139,121,1
143,121,1
144,121,1
3,122,1
6,122,1
15,122,1
20,122,1
99,122,1
121,122,1
130,122,1
131,122,1
133,122,1
134,122,1
140,122,1
141,122,1
144,122,1
145,122,1
146,122,1
65,123,1
126,123,1
130,123,1
131,123,1
133,123,1
135,123,1
136,123,1
137,123,1
138,123,1
139,123,1
141,123,1
144,123,1
148,123,1
32,124,1
122,124,1
123,124,1
128,124,1
129,124,1
132,124,1
133,124,1
138,124,1
145,124,1
147,124,1
148,124,1
66,125,1
89,125,1
107,125,1
110,125,1
121,125,1
122,125,1
127,125,1
129,125,1
130,125,1
131,125,1
132,125,1
133,125,1
136,125,1
138,125,1
139,125,1
144,125,1
148,125,1
8,126,1
10,126,1
27,126,1
103,126,1
113,126,1
121,126,1
129,126,1
130,126,1
131,126,1
132,126,1
133,126,1
135,126,1
136,126,1
139,126,1
141,126,1
145,126,1
4,127,1
12,127,1
33,127,1
34,127,1
110,127,1
122,127,1
123,127,1
126,127,1
129,127,1
130,127,1
131,127,1
132,127,1
133,127,1
134,127,1
137,127,1
138,127,1
139,127,1
143,127,1
144,127,1
146,127,1
147,127,1
69,128,1
123,128,1
125,128,1
129,128,1
130,128,1
131,128,1
132,128,1
133,128,1
134,128,1
135,128,1
136,128,1
137,128,1
138,128,1
141,128,1
146,128,1
148,128,1
113,129,1
121,129,1
122,129,1
123,129,1
124,129,1
125,129,1
126,129,1
127,129,1
128,129,1
138,129,1
139,129,1
142,129,1
146,129,1
28,130,1
100,130,1
121,130,1
122,130,1
123,130,1
124,130,1
125,130,1
127,130,1
128,130,1
135,130,1
141,130,1
142,130,1
147,130,1
36,131,1
71,131,1
122,131,1
123,131,1
124,131,1
125,131,1
127,131,1
128,131,1
129,131,1
132,131,1
136,131,1
138,131,1
139,131,1
141,131,1
142,131,1
145,131,1
147,131,1
148,131,1
11,132,1
124,132,1
126,132,1
127,132,1
128,132,1
130,132,1
133,132,1
138,132,1
139,132,1
140,132,1
141,132,1
142,132,1
145,132,1
146,132,1
148,132,1
21,133,1
39,133,1
65,133,1
80,133,1
122,133,1
123,133,1
125,133,1
127,133,1
129,133,1
130,133,1
137,133,1
138,133,1
140,133,1
142,133,1
144,133,1
148,133,1
63,134,1
64,134,1
74,134,1
121,134,1
122,134,1
123,134,1
124,134,1
126,134,1
127,134,1
128,134,1
131,134,1
136,134,1
141,134,1
142,134,1
143,134,1
144,134,1
146,134,1
147,134,1
148,134,1
61,135,1
73,135,1
115,135,1
121,135,1
122,135,1
123,135,1
124,135,1
125,135,1
126,135,1
127,135,1
128,135,1
129,135,1
133,135,1
137,135,1
140,135,1
147,135,1
148,135,1
16,136,1
54,136,1
81,136,1
96,136,1
108,136,1
117,136,1
119,136,1
121,136,1
122,136,1
123,136,1
124,136,1
125,136,1
126,136,1
127,136,1
128,136,1
129,136,1
140,136,1
141,136,1
142,136,1
147,136,1
107,137,1
110,137,1
122,137,1
125,137,1
126,137,1
127,137,1
128,137,1
130,137,1
134,137,1
136,137,1
139,137,1
140,137,1
142,137,1
144,137,1
146,137,1
147,137,1
148,137,1
121,138,1
123,138,1
125,138,1
126,138,1
128,138,1
134,138,1
139,138,1
140,138,1
147,138,1
23,139,1
78,139,1
123,139,1
127,139,1
130,139,1
137,139,1
138,139,1
148,139,1
47,140,1
123,140,1
125,140,1
126,140,1
127,140,1
129,140,1
131,140,1
133,140,1
135,140,1
145,140,1
5,141,1
72,141,1
74,141,1
122,141,1
124,141,1
125,141,1
126,141,1
129,141,1
133,141,1
135,141,1
136,141,1
137,141,1
139,141,1
142,141,1
146,141,1
148,141,1
6,142,1
122,142,1
125,142,1
126,142,1
129,142,1
130,142,1
131,142,1
133,142,1
137,142,1
140,142,1
143,142,1
148,142,1
45,143,1
59,143,1
90,143,1
121,143,1
124,143,1
125,143,1
129,143,1
130,143,1
131,143,1
134,143,1
135,143,1
136,143,1
139,143,1
140,143,1
147,143,1
148,143,1
5,144,1
6,144,1
16,144,1
69,144,1
91,144,1
122,144,1
128,144,1
129,144,1
131,144,1
132,144,1
136,144,1
137,144,1
141,144,1
146,144,1
10,145,1
71,145,1
121,145,1
123,145,1
125,145,1
126,145,1
127,145,1
130,145,1
132,145,1
133,145,1
135,145,1
139,145,1
143,145,1
147,145,1
3,146,1
8,146,1
41,146,1
80,146,1
122,146,1
123,146,1
131,146,1
132,146,1
139,146,1
46,147,1
56,147,1
121,147,1
124,147,1
125,147,1
127,147,1
128,147,1
129,147,1
130,147,1
134,147,1
135,147,1
136,147,1
138,147,1
140,147,1
144,147,1
146,147,1
87,148,1
95,148,1
99,148,1
106,148,1
121,148,1
125,148,1
127,148,1
128,148,1
129,148,1
130,148,1
131,148,1
133,148,1
136,148,1
138,148,1
144,148,1
