Source,Target
4,1
9,1
12,1
13,1
16,1
17,1
18,1
19,1
23,1
24,1
29,1
30,1
35,1
36,1
41,1
45,1
47,1
56,1
58,1
59,1
70,1
1,2
10,2
11,2
13,2
14,2
20,2
21,2
24,2
25,2
26,2
38,2
48,2
54,2
58,2
70,2
6,3
10,3
11,3
13,3
15,3
16,3
17,3
18,3
19,3
21,3
24,3
28,3
34,3
42,3
48,3
53,3
54,3
56,3
64,3
70,3
2,4
3,4
8,4
9,4
12,4
13,4
18,4
25,4
27,4
28,4
29,4
30,4
31,4
35,4
39,4
40,4
43,4
50,4
57,4
65,4
1,5
2,5
7,5
9,5
10,5
11,5
12,5
13,5
16,5
18,5
19,5
24,5
28,5
30,5
32,5
36,5
37,5
39,5
42,5
44,5
45,5
47,5
48,5
55,5
58,5
61,5
62,5
64,5
1,6
9,6
10,6
11,6
12,6
13,6
15,6
16,6
19,6
21,6
25,6
35,6
42,6
43,6
45,6
47,6
60,6
66,6
67,6
68,6
71,6
72,6
2,7
3,7
6,7
9,7
10,7
11,7
12,7
13,7
14,7
17,7
18,7
19,7
23,7
24,7
26,7
27,7
32,7
35,7
43,7
45,7
46,7
49,7
59,7
60,7
61,7
64,7
70,7
73,7
74,7
3,8
5,8
9,8
10,8
11,8
12,8
13,8
14,8
15,8
16,8
17,8
18,8
21,8
26,8
28,8
32,8
33,8
34,8
39,8
44,8
47,8
54,8
63,8
64,8
69,8
1,9
2,9
3,9
4,9
5,9
6,9
7,9
8,9
18,9
19,9
22,9
26,9
30,9
32,9
36,9
44,9
45,9
46,9
69,9
70,9
73,9
1,10
2,10
3,10
4,10
5,10
7,10
8,10
15,10
21,10
22,10
27,10
29,10
48,10
56,10
66,10
67,10
2,11
3,11
4,11
5,11
7,11
8,11
9,11
12,11
16,11
18,11
19,11
21,11
22,11
25,11
27,11
28,11
30,11
35,11
36,11
37,11
43,11
47,11
48,11
52,11
54,11
57,11
59,11
64,11
69,11
70,11
71,11
4,12
6,12
7,12
8,12
10,12
13,12
18,12
19,12
20,12
21,12
22,12
25,12
26,12
28,12
31,12
33,12
44,12
45,12
49,12
53,12
58,12
65,12
67,12
2,13
3,13
5,13
7,13
9,13
10,13
17,13
18,13
20,13
22,13
24,13
28,13
32,13
34,13
44,13
46,13
48,13
57,13
58,13
67,13
1,14
2,14
3,14
4,14
6,14
7,14
8,14
11,14
16,14
21,14
22,14
23,14
24,14
26,14
27,14
28,14
31,14
32,14
50,14
53,14
56,14
58,14
59,14
66,14
1,15
2,15
3,15
4,15
5,15
6,15
7,15
8,15
9,15
13,15
17,15
20,15
27,15
28,15
29,15
30,15
36,15
43,15
50,15
58,15
72,15
73,15
74,15
1,16
2,16
3,16
4,16
5,16
6,16
7,16
8,16
9,16
20,16
21,16
22,16
27,16
32,16
34,16
35,16
36,16
37,16
38,16
40,16
46,16
47,16
48,16
52,16
57,16
62,16
64,16
70,16
2,17
5,17
6,17
7,17
8,17
10,17
14,17
16,17
19,17
20,17
22,17
24,17
26,17
27,17
28,17
39,17
43,17
50,17
64,17
65,17
66,17
69,17
71,17
72,17
73,17
1,18
3,18
5,18
6,18
8,18
14,18
19,18
20,18
27,18
30,18
39,18
47,18
61,18
66,18
67,18
3,19
7,19
10,19
17,19
18,19
28,19
31,19
34,19
35,19
37,19
42,19
44,19
49,19
51,19
55,19
3,20
5,20
6,20
7,20
9,20
11,20
13,20
15,20
25,20
29,20
30,20
31,20
36,20
37,20
39,20
47,20
2,21
4,21
5,21
6,21
9,21
13,21
15,21
16,21
17,21
19,21
22,21
26,21
28,21
31,21
39,21
43,21
51,21
52,21
53,21
58,21
59,21
62,21
63,21
73,21
2,22
5,22
6,22
9,22
10,22
11,22
13,22
17,22
20,22
23,22
28,22
52,22
55,22
63,22
72,22
74,22
1,23
4,23
5,23
9,23
10,23
11,23
14,23
15,23
16,23
19,23
20,23
27,23
28,23
29,23
30,23
32,23
35,23
37,23
56,23
57,23
69,23
72,23
2,24
8,24
9,24
11,24
12,24
16,24
17,24
21,24
26,24
35,24
42,24
43,24
47,24
49,24
59,24
63,24
66,24
73,24
1,25
3,25
5,25
6,25
7,25
10,25
12,25
13,25
15,25
19,25
23,25
27,25
29,25
32,25
47,25
50,25
53,25
55,25
70,25
71,25
2,26
3,26
11,26
12,26
19,26
31,26
33,26
36,26
39,26
41,26
45,26
52,26
58,26
63,26
64,26
72,26
1,27
4,27
5,27
7,27
8,27
9,27
10,27
14,27
15,27
16,27
18,27
20,27
24,27
26,27
29,27
32,27
33,27
42,27
46,27
49,27
57,27
58,27
63,27
64,27
1,28
5,28
7,28
8,28
9,28
10,28
11,28
13,28
16,28
18,28
24,28
39,28
40,28
41,28
48,28
49,28
55,28
56,28
66,28
67,28
69,28
70,28
72,28
73,28
3,29
22,29
32,29
37,29
40,29
41,29
44,29
45,29
46,29
47,29
51,29
52,29
59,29
62,29
63,29
70,29
72,29
73,29
74,29
1,30
13,30
27,30
29,30
38,30
39,30
41,30
42,30
48,30
49,30
52,30
53,30
54,30
58,30
59,30
60,30
64,30
66,30
68,30
69,30
72,30
3,31
14,31
21,31
28,31
34,31
38,31
39,31
41,31
43,31
44,31
45,31
46,31
47,31
49,31
52,31
56,31
57,31
58,31
59,31
61,31
67,31
71,31
73,31
74,31
20,32
30,32
31,32
36,32
37,32
40,32
41,32
46,32
53,32
55,32
56,32
59,32
60,32
62,32
63,32
64,32
65,32
66,32
68,32
71,32
15,33
29,33
30,33
35,33
37,33
38,33
39,33
40,33
41,33
44,33
46,33
47,33
52,33
56,33
57,33
58,33
65,33
66,33
67,33
68,33
71,33
72,33
73,33
74,33
5,34
9,34
29,34
37,34
38,34
39,34
40,34
41,34
43,34
44,34
47,34
49,34
53,34
61,34
67,34
70,34
11,35
18,35
27,35
30,35
31,35
34,35
37,35
38,35
39,35
40,35
41,35
42,35
45,35
46,35
47,35
51,35
52,35
54,35
55,35
59,35
60,35
65,35
73,35
74,35
12,36
27,36
31,36
33,36
37,36
38,36
39,36
40,36
41,36
42,36
43,36
44,36
45,36
46,36
49,36
54,36
56,36
58,36
59,36
60,36
62,36
66,36
68,36
69,36
72,36
1,37
9,37
15,37
25,37
27,37
29,37
30,37
31,37
32,37
33,37
34,37
35,37
36,37
46,37
47,37
50,37
54,37
58,37
67,37
71,37
74,37
22,38
27,38
29,38
30,38
31,38
32,38
33,38
35,38
36,38
43,38
49,38
50,38
55,38
59,38
60,38
63,38
66,38
69,38
70,38
74,38
9,39
11,39
16,39
24,39
25,39
30,39
31,39
32,39
33,39
35,39
36,39
37,39
40,39
44,39
46,39
47,39
49,39
50,39
53,39
55,39
56,39
60,39
61,39
62,39
63,39
65,39
68,39
69,39
71,39
72,39
1,40
2,40
14,40
16,40
20,40
32,40
34,40
35,40
36,40
38,40
41,40
46,40
47,40
48,40
49,40
50,40
53,40
54,40
56,40
58,40
60,40
61,40
62,40
64,40
65,40
67,40
8,41
10,41
13,41
20,41
30,41
31,41
33,41
35,41
37,41
38,41
45,41
46,41
48,41
50,41
52,41
56,41
57,41
58,41
61,41
66,41
73,41
74,41
10,42
13,42
16,42
18,42
20,42
29,42
30,42
31,42
32,42
34,42
35,42
36,42
39,42
44,42
49,42
50,42
51,42
52,42
54,42
55,42
56,42
57,42
59,42
71,42
72,42
73,42
23,43
25,43
29,43
30,43
31,43
32,43
33,43
34,43
35,43
36,43
37,43
41,43
45,43
48,43
55,43
56,43
59,43
63,43
64,43
66,43
69,43
24,44
29,44
30,44
31,44
32,44
33,44
34,44
35,44
36,44
37,44
48,44
49,44
50,44
55,44
58,44
60,44
62,44
63,44
65,44
67,44
68,44
72,44
73,44
5,45
9,45
10,45
17,45
23,45
28,45
30,45
33,45
34,45
35,45
36,45
38,45
42,45
44,45
47,45
48,45
50,45
52,45
54,45
55,45
56,45
58,45
59,45
63,45
65,45
66,45
68,45
71,45
72,45
74,45
9,46
20,46
25,46
28,46
29,46
31,46
33,46
34,46
36,46
42,46
47,46
48,46
55,46
57,46
58,46
60,46
62,46
63,46
70,46
72,46
1,47
31,47
35,47
38,47
45,47
46,47
56,47
59,47
64,47
67,47
6,48
31,48
33,48
34,48
35,48
37,48
39,48
41,48
43,48
53,48
57,48
61,48
62,48
65,48
66,48
68,48
74,48
3,49
5,49
8,49
15,49
27,49
30,49
32,49
33,49
34,49
37,49
41,49
43,49
44,49
45,49
47,49
50,49
54,49
56,49
58,49
61,49
63,49
65,49
68,49
69,49
71,49
72,49
74,49
3,50
10,50
15,50
18,50
25,50
30,50
33,50
34,50
37,50
38,50
39,50
41,50
45,50
48,50
51,50
56,50
65,50
67,50
69,50
73,50
74,50
8,51
12,51
29,51
32,51
33,51
37,51
38,51
39,51
42,51
43,51
44,51
47,51
48,51
55,51
56,51
57,51
58,51
60,51
61,51
63,51
12,52
21,52
25,52
26,52
30,52
36,52
37,52
39,52
40,52
44,52
45,52
49,52
54,52
57,52
59,52
60,52
65,52
71,52
74,52
5,53
17,53
21,53
26,53
29,53
31,53
33,53
34,53
35,53
38,53
40,53
41,53
43,53
47,53
51,53
55,53
60,53
62,53
63,53
69,53
70,53
72,53
73,53
4,54
7,54
19,54
26,54
30,54
31,54
39,54
40,54
47,54
57,54
60,54
62,54
63,54
64,54
70,54
74,54
9,55
11,55
14,55
19,55
23,55
29,55
32,55
33,55
35,55
36,55
37,55
38,55
42,55
43,55
44,55
46,55
48,55
52,55
54,55
57,55
58,55
67,55
68,55
72,55
73,55
7,56
25,56
29,56
33,56
35,56
36,56
37,56
38,56
39,56
41,56
44,56
46,56
52,56
61,56
63,56
67,56
72,56
6,57
22,57
29,57
30,57
32,57
34,57
35,57
38,57
39,57
40,57
41,57
42,57
44,57
47,57
48,57
50,57
51,57
52,57
53,57
54,57
55,57
56,57
60,57
65,57
68,57
69,57
72,57
73,57
74,57
7,58
21,58
22,58
29,58
31,58
33,58
40,58
41,58
42,58
44,58
46,58
50,58
53,58
54,58
56,58
57,58
66,58
67,58
69,58
70,58
3,59
8,59
22,59
29,59
31,59
32,59
35,59
36,59
37,59
44,59
46,59
48,59
50,59
53,59
55,59
62,59
66,59
67,59
69,59
71,59
72,59
73,59
74,59
6,60
8,60
21,60
29,60
31,60
32,60
36,60
37,60
43,60
47,60
48,60
50,60
51,60
52,60
53,60
56,60
58,60
59,60
64,60
65,60
68,60
69,60
74,60
3,61
4,61
17,61
25,61
27,61
36,61
40,61
41,61
44,61
46,61
48,61
57,61
58,61
63,61
65,61
66,61
67,61
68,61
69,61
72,61
74,61
11,62
24,62
30,62
33,62
35,62
36,62
38,62
40,62
45,62
49,62
52,62
53,62
54,62
55,62
57,62
65,62
66,62
67,62
68,62
69,62
71,62
72,62
10,63
27,63
29,63
30,63
31,63
34,63
37,63
39,63
40,63
48,63
50,63
51,63
55,63
56,63
58,63
59,63
62,63
65,63
66,63
67,63
68,63
69,63
70,63
73,63
74,63
12,64
14,64
34,64
36,64
39,64
43,64
46,64
47,64
49,64
54,64
55,64
56,64
59,64
61,64
65,64
66,64
67,64
68,64
69,64
70,64
71,64
72,64
73,64
74,64
29,65
33,65
34,65
35,65
40,65
41,65
42,65
45,65
49,65
50,65
51,65
52,65
55,65
57,65
58,65
59,65
60,65
61,65
62,65
63,65
64,65
74,65
6,66
18,66
33,66
35,66
36,66
37,66
41,66
45,66
47,66
50,66
52,66
54,66
55,66
57,66
58,66
59,66
60,66
61,66
63,66
64,66
71,66
9,67
12,67
17,67
30,67
33,67
36,67
46,67
47,67
49,67
52,67
58,67
59,67
60,67
61,67
63,67
64,67
65,67
68,67
72,67
74,67
14,68
19,68
23,68
28,68
29,68
31,68
32,68
41,68
47,68
48,68
60,68
62,68
63,68
64,68
66,68
69,68
74,68
1,69
5,69
16,69
21,69
30,69
32,69
33,69
34,69
37,69
38,69
39,69
40,69
41,69
42,69
43,69
44,69
46,69
48,69
49,69
50,69
53,69
54,69
56,69
58,69
59,69
61,69
63,69
65,69
66,69
73,69
74,69
6,70
29,70
31,70
35,70
38,70
40,70
43,70
46,70
49,70
52,70
53,70
54,70
56,70
57,70
58,70
59,70
60,70
62,70
63,70
64,70
67,70
72,70
4,71
11,71
12,71
13,71
33,71
35,71
36,71
38,71
41,71
43,71
49,71
54,71
57,71
58,71
59,71
60,71
61,71
62,71
63,71
64,71
65,71
69,71
73,71
5,72
18,72
24,72
25,72
33,72
34,72
37,72
38,72
40,72
43,72
51,72
52,72
53,72
57,72
58,72
59,72
60,72
61,72
62,72
63,72
64,72
65,72
2,73
5,73
8,73
22,73
32,73
35,73
36,73
37,73
41,73
45,73
48,73
53,73
56,73
58,73
61,73
62,73
63,73
64,73
66,73
70,73
72,73
7,74
11,74
15,74
21,74
29,74
30,74
34,74
38,74
39,74
41,74
42,74
48,74
50,74
52,74
53,74
54,74
57,74
59,74
61,74
62,74
64,74
70,74
